Name,runs,balls,strike_rate,sixes,fours,runs_conceded,total_balls,overs,economy,dot_ball
V Kohli,8014,6236,128.5118666,273,708,371,264,44,8.43,52
S Dhawan,6769,5483,123.4543133,153,768,72,49,8.17,8.82,17
RG Sharma,6630,5183,127.9181941,281,599,462,349,58.17,7.94,88
DA Warner,6567,4849,135.4299856,236,663,2,2,0.33,6,0
SK Raina,5536,4177,132.5353124,204,506,1139,930,155,7.35,280
MS Dhoni,5243,3947,132.8350646,252,363,0,0,0,0,0
AB de Villiers,5181,3487,148.5804416,253,414,0,0,0,0,0
CH Gayle,4997,3516,142.1217292,359,408,755,584,97.33,7.76,180
RV Uthappa,4954,3927,126.1522791,182,481,0,0,0,0,0
KD Karthik,4843,3687,131.3534039,161,466,0,0,0,0,0
KL Rahul,4689,3578,131.0508664,187,400,0,0,0,0,0
AM Rahane,4642,3858,120.3214101,103,479,5,6,1,5,2
F du Plessis,4571,3435,133.0713246,166,422,16,6,1,16,0
SV Samson,4419,3270,135.1376147,206,352,0,0,0,0,0
AT Rayudu,4348,3490,124.5845272,173,359,0,0,0,0,0
G Gambhir,4217,3524,119.6651532,59,492,0,0,0,0,0
SR Watson,3880,2892,134.1632089,190,377,2742,2137,356.17,7.7,803
MK Pandey,3859,3288,117.36618,111,335,0,0,0,0,0
SA Yadav,3594,2522,142.5059477,130,385,8,6,1,8,2
JC Buttler,3583,2519,142.2389837,161,356,0,0,0,0,0
KA Pollard,3437,2447,140.4577033,224,221,2200,1586,264.33,8.32,405
RR Pant,3297,2296,143.597561,154,298,0,0,0,0,0
YK Pathan,3222,2334,138.0462725,161,263,1443,1184,197.33,7.31,393
Shubman Gill,3216,2432,132.2368421,95,310,0,0,0,0,0
Q de Kock,3160,2410,131.120332,123,316,0,0,0,0,0
SS Iyer,3131,2545,123.0255403,113,272,7,6,1,7,4
RA Jadeja,2959,2378,124.432296,107,215,4917,3895,649.17,7.57,1216
WP Saha,2934,2368,123.902027,87,296,0,0,0,0,0
DA Miller,2924,2171,134.6844772,134,207,0,0,0,0,0
BB McCullum,2882,2272,126.8485915,130,293,0,0,0,0,0
PA Patel,2848,2442,116.6257166,49,365,0,0,0,0,0
GJ Maxwell,2772,1842,150.4885993,160,233,1311,965,160.83,8.15,301
Yuvraj Singh,2754,2207,124.7847757,149,218,1091,882,147,7.42,258
V Sehwag,2728,1833,148.8270595,106,334,236,138,23,10.26,44
MA Agarwal,2669,2081,128.2556463,98,265,0,0,0,0,0
Ishan Kishan,2644,1991,132.7975892,119,255,0,0,0,0,0
N Rana,2636,2015,130.8188586,132,234,253,185,30.83,8.21,58
M Vijay,2619,2208,118.6141304,91,247,49,37,6.17,7.95,8
HH Pandya,2534,1814,139.69129,137,189,2196,1485,247.5,8.87,481
SPD Smith,2495,1999,124.8124062,60,226,5,2,0.33,15,0
SE Marsh,2489,1913,130.1097752,78,269,0,0,0,0,0
AD Russell,2488,1515,164.2244224,209,171,2691,1771,295.17,9.12,584
JH Kallis,2427,2291,105.9362724,44,255,2348,1799,299.83,7.83,601
DR Smith,2385,1803,132.2795341,117,245,825,557,92.83,8.89,168
RD Gaikwad,2380,1781,133.6327906,91,217,0,0,0,0,0
SR Tendulkar,2334,2044,114.1878669,29,296,59,37,6.17,9.57,4
RA Tripathi,2236,1650,135.5151515,84,223,12,6,1,12,0
R Dravid,2174,1918,113.3472367,28,269,0,0,0,0,0
KS Williamson,2132,1734,122.9527105,64,187,31,18,3,10.33,2
AJ Finch,2092,1696,123.3490566,78,214,67,44,7.33,9.14,13
AC Gilchrist,2069,1555,133.0546624,92,239,0,1,0.17,0,1
JP Duminy,2029,1680,120.7738095,79,126,847,701,116.83,7.25,234
MEK Hussey,1977,1648,119.9635922,52,198,0,0,0,0,0
PP Shaw,1892,1321,143.2248297,61,238,0,0,0,0,0
MP Stoinis,1866,1366,136.6032211,91,150,1300,831,138.5,9.39,219
DPMD Jayawardene,1808,1522,118.7910644,40,200,0,0,0,0,0
N Pooran,1769,1143,154.768154,127,113,0,0,0,0,0
Mandeep Singh,1706,1418,120.3102962,38,176,26,12,2,13,1
MK Tiwary,1695,1489,113.8347884,40,156,83,45,7.5,11.07,9
KC Sangakkara,1687,1424,118.4691011,27,195,0,0,0,0,0
AR Patel,1653,1318,125.4172989,79,107,3824,3152,525.33,7.28,1021
KH Pandya,1647,1287,127.972028,61,144,2644,2183,363.83,7.27,676
YBK Jaiswal,1607,1095,146.7579909,64,199,6,1,0.17,36,0
JM Bairstow,1589,1132,140.3710247,69,166,0,0,0,0,0
DJ Bravo,1560,1247,125.1002406,66,120,4436,3296,549.33,8.08,998
D Padikkal,1559,1323,117.8382464,42,170,0,0,0,0,0
NV Ojha,1554,1360,114.2647059,79,121,0,0,0,0,0
SP Narine,1534,984,155.8943089,97,164,4672,4146,691,6.76,1569
S Dube,1502,1077,139.461467,101,86,190,117,19.5,9.74,23
KK Nair,1496,1192,125.5033557,39,161,0,0,0,0,0
SS Tiwary,1494,1291,115.7242448,50,111,0,0,0,0,0
DJ Hooda,1466,1170,125.2991453,61,96,535,384,64,8.36,101
S Badrinath,1441,1245,115.7429719,28,154,0,0,0,0,0
EJG Morgan,1406,1181,119.0516511,64,112,0,0,0,0,0
BJ Hodge,1400,1153,121.4223764,43,122,310,238,39.67,7.82,75
Abhishek Sharma,1377,925,148.8648649,73,128,396,278,46.33,8.55,70
SC Ganguly,1349,1326,101.73454,42,137,370,280,46.67,7.93,75
CA Lynn,1329,974,136.4476386,66,132,0,0,0,0,0
VR Iyer,1326,1000,132.6,61,121,145,84,14,10.36,15
DJ Hussey,1322,1101,120.0726612,60,90,485,323,53.83,9.01,86
SO Hetmyer,1243,854,145.5503513,82,76,0,0,0,0,0
KM Jadhav,1208,1012,119.3675889,40,102,0,0,0,0,0
R Parag,1173,909,129.0429043,60,84,307,181,30.17,10.18,36
MM Ali,1162,849,136.8669022,67,95,900,770,128.33,7.01,266
Tilak Varma,1156,830,139.2771084,58,90,28,23,3.83,7.3,8
TM Dilshan,1153,1047,110.1241643,24,140,368,275,45.83,8.03,79
IK Pathan,1150,985,116.751269,38,88,2711,2113,352.17,7.7,835
V Shankar,1115,890,125.2808989,45,80,344,258,43,8,80
ML Hayden,1107,839,131.942789,44,121,0,0,0,0,0
M Vohra,1083,863,125.4924681,43,104,0,0,0,0,0
LMP Simmons,1079,878,122.8929385,44,109,34,18,3,11.33,2
B Sai Sudharsan,1034,770,134.2857143,32,95,0,0,0,0,0
LRPL Taylor,1017,847,120.0708383,46,66,24,13,2.17,11.08,0
R Tewatia,1013,788,128.5532995,47,84,1117,866,144.33,7.74,264
KP Pietersen,1001,758,132.0580475,40,91,218,180,30,7.27,54
MC Henriques,1000,801,124.8439451,28,87,1302,979,163.17,7.98,306
AK Markram,995,787,126.429479,35,73,173,123,20.5,8.44,32
H Klaasen,993,613,161.9902121,64,56,0,0,0,0,0
Y Venugopal Rao,985,865,113.8728324,37,77,338,222,37,9.14,59
JA Morkel,975,712,136.9382022,55,61,2409,1807,301.17,8,646
A Symonds,974,781,124.7119078,41,74,694,540,90,7.71,190
CL White,971,774,125.4521964,38,76,86,46,7.67,11.22,8
LS Livingstone,939,609,154.1871921,66,66,395,267,44.5,8.88,71
BA Stokes,935,718,130.2228412,32,81,1023,723,120.5,8.49,228
DP Conway,924,669,138.1165919,30,100,0,0,0,0,0
RK Singh,893,654,136.5443425,46,67,0,0,0,0,0
HH Gibbs,886,837,105.8542413,31,83,0,0,0,0,0
SM Curran,883,673,131.2035661,37,74,1924,1234,205.67,9.35,378
STR Binny,880,700,125.7142857,35,66,763,611,101.83,7.49,199
Harbhajan Singh,833,636,130.9748428,42,79,4101,3496,582.67,7.04,1263
R Ashwin,800,698,114.6131805,28,61,5435,4679,779.83,6.97,1552
RM Patidar,799,534,149.6254682,54,51,0,0,0,0,0
MS Bisla,798,737,108.2767978,23,93,0,0,0,0,0
Shakib Al Hasan,795,665,119.5488722,21,73,1864,1515,252.5,7.38,504
TM Head,772,458,168.558952,40,76,113,58,9.67,11.69,9
ST Jayasuriya,768,573,134.0314136,39,84,396,301,50.17,7.89,83
P Simran Singh,756,528,143.1818182,41,78,0,0,0,0,0
GC Smith,739,691,106.9464544,9,94,0,0,0,0,0
JM Sharma,730,501,145.7085828,45,53,0,0,0,0,0
AD Mathews,724,599,120.8681135,29,44,1095,807,134.5,8.14,224
C Green,707,472,149.7881356,32,62,675,462,77,8.77,149
TL Suman,676,587,115.1618399,26,55,198,152,25.33,7.82,43
AM Nayar,672,588,114.2857143,20,55,323,239,39.83,8.11,69
MR Marsh,665,532,125,38,48,803,593,98.83,8.12,181
GJ Bailey,663,552,120.1086957,19,59,0,0,0,0,0
TH David,659,417,158.0335731,46,38,0,0,0,0,0
E Lewis,654,499,131.0621242,36,62,0,0,0,0,0
PD Salt,653,385,169.6103896,34,74,0,0,0,0,0
A Badoni,634,505,125.5445545,24,46,37,25,4.17,8.88,5
PP Chawla,624,580,107.5862069,20,56,5179,3895,649.17,7.98,1325
CH Morris,618,413,149.6368039,35,41,2377,1801,300.17,7.92,668
JJ Roy,614,460,133.4782609,21,75,0,0,0,0,0
JD Ryder,604,466,129.6137339,19,69,314,241,40.17,7.82,79
SN Khan,585,456,128.2894737,14,63,6,2,0.33,18,0
Abdul Samad,579,408,141.9117647,36,37,113,55,9.17,12.33,11
HM Amla,577,418,138.0382775,21,60,0,0,0,0,0
M Shahrukh Khan,553,413,133.8983051,37,35,16,12,2,8,3
Rashid Khan,545,355,153.5211268,38,39,3340,2901,483.5,6.91,1060
CJ Anderson,538,436,123.3944954,31,40,525,315,52.5,10,79
Shahbaz Ahmed,536,467,114.7751606,25,28,850,549,91.5,9.29,142
RS Bopara,531,468,113.4615385,16,39,301,213,35.5,8.48,61
MK Lomror,527,389,135.4755784,30,33,127,94,15.67,8.11,22
JP Faulkner,527,406,129.8029557,23,36,1849,1287,214.5,8.62,399
PJ Cummins,515,359,143.454039,34,33,1976,1370,228.33,8.65,467
M Manhas,514,486,105.7613169,10,43,42,42,7,6,15
Gurkeerat Singh,511,436,117.2018349,11,55,97,82,13.67,7.1,26
OA Shah,506,405,124.9382716,23,34,0,0,0,0,0
PC Valthaty,505,432,116.8981481,20,61,207,153,25.5,8.12,44
SW Billings,503,399,126.0651629,20,40,0,0,0,0,0
RR Rossouw,473,321,147.3520249,25,45,0,0,0,0,0
DT Christian,460,408,112.745098,19,23,1218,922,153.67,7.93,296
NLTC Perera,424,326,130.0613497,26,23,1031,715,119.17,8.65,227
Shashank Singh,423,272,155.5147059,25,33,25,19,3.17,7.89,2
SA Asnodkar,423,352,120.1704545,10,56,0,0,0,0,0
JR Hopes,417,314,132.8025478,11,49,562,369,61.5,9.14,105
J Botha,409,364,112.3626374,5,39,818,709,118.17,6.92,254
T Stubbs,405,239,169.4560669,26,26,29,25,4.17,6.96,9
LR Shukla,405,358,113.1284916,16,33,458,326,54.33,8.43,109
AL Menaria,401,367,109.2643052,18,24,144,113,18.83,7.65,40
MV Boucher,394,318,123.8993711,13,32,0,0,0,0,0
CA Pujara,390,403,96.77419355,4,50,0,0,0,0,0
Azhar Mahmood,388,311,124.7588424,13,39,707,552,92,7.68,199
A Mishra,381,440,86.59090909,5,31,4193,3444,574,7.3,1185
KR Mayers,379,276,137.3188406,22,38,59,46,7.67,7.7,14
Washington Sundar,378,341,110.8504399,9,32,1335,1064,177.33,7.53,356
DB Ravi Teja,375,325,115.3846154,9,35,28,18,3,9.33,4
S Sohal,368,311,118.3279743,18,34,0,0,0,0,0
P Negi,365,301,121.2624585,16,27,954,733,122.17,7.81,237
R Powell,360,254,141.7322835,28,21,35,21,3.5,10,4
Abishek Porel,360,244,147.5409836,15,37,0,0,0,0,0
DJ Mitchell,351,274,128.1021898,10,28,97,51,8.5,11.41,5
KV Sharma,351,306,114.7058824,17,20,2130,1520,253.33,8.41,483
N Wadhera,350,261,134.0996169,18,32,13,12,2,6.5,2
Dhruv Jurel,347,237,146.4135021,16,29,0,0,0,0,0
R Bhatia,342,290,117.9310345,13,24,2059,1661,276.83,7.44,436
P Kumar,340,323,105.2631579,17,22,3342,2637,439.5,7.6,1075
AP Tare,339,285,118.9473684,11,40,0,0,0,0,0
J Fraser-McGurk,330,150,220,28,32,0,0,0,0,0
JEC Franklin,327,309,105.8252427,9,25,225,155,25.83,8.71,39
RN ten Doeschate,326,238,136.9747899,15,26,94,83,13.83,6.8,22
Anuj Rawat,318,276,115.2173913,14,26,0,0,0,0,0
R Vinay Kumar,310,289,107.266436,9,21,3041,2186,364.33,8.35,763
SN Thakur,307,228,134.6491228,13,27,2908,1979,329.83,8.82,639
B Kumar,306,338,90.53254438,3,30,5051,4060,676.67,7.46,1632
Lalit Yadav,305,301,101.3289037,7,27,430,294,49,8.78,82
DB Das,304,267,113.8576779,16,23,0,0,0,0,0
Nithish Kumar Reddy,303,221,137.1040724,21,15,208,118,19.67,10.58,29
C de Grandhomme,303,229,132.3144105,18,18,323,230,38.33,8.43,58
LA Pomersbach,302,251,120.3187251,13,25,0,0,0,0,0
UBT Chand,300,314,95.54140127,9,32,0,0,0,0,0
DJG Sammy,295,251,117.5298805,18,15,354,244,40.67,8.7,72
SP Goswami,293,307,95.43973941,3,32,0,0,0,0,0
Rahmanullah Gurbaz,289,228,126.754386,19,24,0,0,0,0,0
Y Nagar,285,271,105.1660517,9,20,125,72,12,10.42,16
GH Vihari,284,331,85.80060423,1,23,48,43,7.17,6.7,17
VVS Laxman,282,271,104.0590406,5,33,0,0,0,0,0
B Chipli,280,256,109.375,7,28,20,6,1,20,1
A Ashish Reddy,280,196,142.8571429,15,16,400,270,45,8.89,79
MJ Lumb,278,198,140.4040404,6,45,0,0,0,0,0
PBB Rajapaksa,277,201,137.8109453,15,22,0,0,0,0,0
PK Garg,273,247,110.5263158,9,16,0,0,0,0,0
MJ Guptill,271,197,137.5634518,15,24,0,0,0,0,0
R Sathish,270,236,114.4067797,6,22,233,144,24,9.71,30
M Kaif,259,258,100.3875969,6,22,0,0,0,0,0
JO Holder,259,217,119.3548387,18,13,1489,1049,174.83,8.52,321
HV Patel,249,214,116.3551402,15,16,3215,2284,380.67,8.45,710
K Gowtham,247,159,155.3459119,17,15,825,599,99.83,8.26,206
Atharva Taide,247,177,139.5480226,8,27,4,1,0.17,24,0
SM Katich,241,191,126.1780105,8,26,0,0,0,0,0
BCJ Cutting,238,146,163.0136986,19,15,430,288,48,8.96,77
MD Mishra,237,213,111.2676056,8,24,0,0,0,0,0
Harpreet Brar,233,201,115.920398,9,19,907,692,115.33,7.86,229
A Manohar,231,181,127.6243094,10,21,0,0,0,0,0
WG Jacks,230,133,172.9323308,18,16,100,55,9.17,10.91,11
D Brevis,230,176,130.6818182,16,17,8,3,0.5,16,1
R Ravindra,222,146,152.0547945,12,22,7,12,2,3.5,5
Mohammad Nabi,221,157,140.7643312,12,18,527,419,69.83,7.55,146
K Goel,218,239,91.21338912,9,17,94,67,11.17,8.42,19
AA Jhunjhunwala,217,218,99.5412844,5,19,130,88,14.67,8.86,27
R Dhawan,210,188,111.7021277,7,18,922,693,115.5,7.98,205
UT Yadav,208,211,98.57819905,9,16,4442,3190,531.67,8.35,1186
K Rabada,206,207,99.51690821,8,16,2652,1907,317.83,8.34,717
CA Ingram,205,183,112.0218579,5,22,0,0,0,0,0
PD Collingwood,203,159,127.672956,13,9,101,90,15,6.73,24
JC Archer,199,132,150.7575758,14,11,1210,987,164.5,7.36,420
KS Bharat,199,168,118.452381,8,12,0,0,0,0,0
SK Warne,198,219,90.4109589,6,14,1465,1223,203.83,7.19,426
JD Unadkat,197,170,115.8823529,7,16,3219,2194,365.67,8.8,684
SP Fleming,196,171,114.619883,3,27,0,0,0,0,0
AS Raut,194,172,112.7906977,7,13,45,30,5,9,6
Salman Butt,193,172,112.2093023,2,30,0,0,0,0,0
BJ Rohrer,193,146,132.1917808,5,21,12,7,1.17,10.29,1
YV Takawale,192,183,104.9180328,3,26,0,0,0,0,0
HC Brook,190,159,119.4968553,4,23,0,0,0,0,0
Ashutosh Sharma,189,118,160.1694915,15,10,0,0,0,0,0
Bipul Sharma,187,124,150.8064516,9,11,581,436,72.67,8,131
SD Hope,183,125,146.4,12,12,0,0,0,0,0
MS Wade,183,185,98.91891892,2,23,0,0,0,0,0
FY Fazal,183,179,102.2346369,1,22,20,12,2,10,1
Kuldeep Yadav,183,224,81.69642857,3,16,2413,1786,297.67,8.11,520
Sikandar Raza,182,143,127.2727273,8,12,146,88,14.67,9.95,21
AC Voges,181,143,126.5734266,3,15,76,56,9.33,8.14,15
CR Brathwaite,181,120,150.8333333,16,10,384,266,44.33,8.66,74
S Gopal,180,173,104.0462428,2,19,1358,1000,166.67,8.15,317
AB Agarkar,179,160,111.875,5,13,1174,820,136.67,8.59,254
C Munro,177,144,122.9166667,8,19,15,12,2,7.5,5
MF Maharoof,177,124,142.7419355,9,12,532,441,73.5,7.24,165
DH Yagnik,170,142,119.7183099,2,23,0,0,0,0,0
Ramandeep Singh,170,106,160.3773585,13,8,64,45,7.5,8.53,12
CM Gautam,169,158,106.9620253,6,17,0,0,0,0,0
DW Steyn,167,163,102.4539877,3,14,2583,2282,380.33,6.79,1019
MG Johnson,167,168,99.4047619,7,10,1740,1301,216.83,8.02,535
MN van Wyk,167,135,123.7037037,1,19,0,0,0,0,0
PA Reddy,164,167,98.20359281,2,15,0,0,0,0,0
A Raghuvanshi,163,109,149.5412844,8,16,0,0,0,0,0
N Jagadeesan,162,155,104.516129,2,21,0,0,0,0,0
MN Samuels,161,174,92.52873563,7,9,285,219,36.5,7.81,79
RE van der Merwe,159,144,110.4166667,8,11,515,455,75.83,6.79,148
R McLaren,159,178,89.3258427,1,14,558,372,62,9,116
D Wiese,148,105,140.952381,7,12,447,307,51.17,8.74,82
AD Hales,148,119,124.3697479,6,13,0,0,0,0,0
SM Pollock,147,116,126.7241379,8,12,307,280,46.67,6.58,130
S Vidyut,145,115,126.0869565,3,21,22,13,2.17,10.15,5
Sachin Baby,144,123,117.0731707,5,11,8,10,1.67,4.8,5
N Saini,140,143,97.9020979,0,16,0,0,0,0,0
Naman Dhir,140,84,166.6666667,10,12,55,29,4.83,11.38,3
Anmolpreet Singh,139,117,118.8034188,3,19,0,0,0,0,0
S Anirudha,136,121,112.3966942,7,9,0,0,0,0,0
SB Styris,131,134,97.76119403,3,10,278,222,37,7.51,83
W Jaffer,130,129,100.7751938,3,14,0,0,0,0,0
RD Chahar,129,127,101.5748031,5,13,2165,1697,282.83,7.65,574
Kamran Akmal,128,78,164.1025641,8,13,0,0,0,0,0
UT Khawaja,127,105,120.952381,3,14,0,0,0,0,0
TK Curran,127,108,117.5925926,3,10,432,252,42,10.29,57
P Dogra,127,141,90.07092199,5,4,0,0,0,0,0
M Morkel,126,93,135.483871,5,11,2136,1699,283.17,7.54,708
SS Prabhudessai,126,113,111.5044248,4,11,0,0,0,0,0
MC Juneja,125,134,93.28358209,1,11,0,0,0,0,0
BB Samantray,125,116,107.7586207,2,13,0,0,0,0,0
MM Sharma,124,137,90.51094891,4,9,3278,2308,384.67,8.52,782
B Lee,124,102,121.5686275,8,8,1126,916,152.67,7.38,374
Harpreet Singh,123,119,103.3613445,3,10,0,0,0,0,0
AB McDonald,123,103,119.4174757,4,9,263,188,31.33,8.39,50
DL Vettori,121,118,102.5423729,2,11,894,785,130.83,6.83,270
NK Patel,121,124,97.58064516,1,14,0,0,0,0,0
TG Southee,120,108,111.1111111,4,8,1774,1262,210.33,8.43,447
AC Blizzard,120,91,131.8681319,2,21,0,0,0,0,0
Misbah-ul-Haq,117,82,142.6829268,6,10,0,0,0,0,0
Z Khan,117,141,82.9787234,2,11,2860,2276,379.33,7.54,873
RJ Harris,117,112,104.4642857,3,6,1085,865,144.17,7.53,364
MW Short,117,99,118.1818182,4,15,25,25,4.17,6,11
KK Cooper,116,70,165.7142857,8,9,789,600,100,7.89,184
R Shepherd,115,68,169.1176471,10,7,260,133,22.17,11.73,38
Aman Hakim Khan,115,109,105.5045872,6,8,13,6,1,13,1
DJM Short,115,102,112.745098,5,11,23,18,3,7.67,7
M Kartik,113,109,103.6697248,1,7,1418,1182,197,7.2,382
DJ Harris,111,103,107.7669903,5,11,26,18,3,8.67,4
Mohammed Siraj,109,122,89.3442623,4,10,2894,2081,346.83,8.34,806
LJ Wright,106,63,168.2539683,3,16,125,75,12.5,10,14
SE Rutherford,106,107,99.06542056,8,3,60,46,7.67,7.83,7
JDP Oram,106,110,96.36363636,5,6,362,244,40.67,8.9,79
MA Starc,105,109,96.33027523,0,11,1175,879,146.5,8.02,334
DS Kulkarni,104,113,92.03539823,2,7,2513,1876,312.67,8.04,742
RJ Quiney,103,105,98.0952381,3,12,0,0,0,0,0
SD Chitnis,99,92,107.6086957,2,10,62,38,6.33,9.79,9
MS Gony,99,76,130.2631579,8,6,1317,925,154.17,8.54,348
MJ Clarke,98,96,102.0833333,0,12,72,66,11,6.55,22
CJ Ferguson,98,119,82.35294118,0,9,0,0,0,0,0
PN Mankad,97,75,129.3333333,2,13,0,0,0,0,0
Arshad Khan,96,67,143.2835821,6,5,282,153,25.5,11.06,44
JDS Neesham,92,93,98.92473118,2,6,342,222,37,9.24,63
PR Shah,92,97,94.84536082,2,9,0,0,0,0,0
DJ Jacobs,92,101,91.08910891,4,10,0,0,0,0,0
RT Ponting,91,129,70.54263566,2,5,0,0,0,0,0
AJ Tye,91,79,115.1898734,5,6,1005,714,119,8.45,208
S Rana,91,82,110.9756098,1,9,18,16,2.67,6.75,5
AD Nath,90,99,90.90909091,2,7,0,0,0,0,0
Iqbal Abdulla,88,86,102.3255814,1,9,1125,943,157.17,7.16,331
SL Malinga,88,103,85.4368932,5,6,3486,2974,495.67,7.03,1144
AP Majumdar,87,77,112.987013,2,7,0,0,0,0,0
Ankit Sharma,87,69,126.0869565,4,7,453,375,62.5,7.25,137
MJ McClenaghan,85,73,116.4383562,7,5,1839,1346,224.33,8.2,507
TA Boult,83,82,101.2195122,3,5,3286,2428,404.67,8.12,986
RE Levi,83,74,112.1621622,4,10,0,0,0,0,0
NM Coulter-Nile,82,75,109.3333333,4,7,1125,892,148.67,7.57,368
CJ Jordan,81,81,100,3,3,1111,717,119.5,9.3,206
LA Carseldine,81,71,114.084507,0,11,6,7,1.17,5.14,4
Shahid Afridi,81,46,176.0869565,6,7,237,185,30.83,7.69,57
WPUJC Vaas,81,73,110.9589041,3,2,364,288,48,7.58,128
RV Patel,80,76,105.2631579,2,6,22,20,3.33,6.6,5
DL Chahar,80,61,131.147541,6,2,2243,1746,291,7.71,708
AD Mascarenhas,79,79,100,1,5,365,310,51.67,7.06,124
JR Philippe,78,80,97.5,1,9,0,0,0,0,0
CR Woakes,78,77,101.2987013,2,7,674,463,77.17,8.73,161
B Akhil,76,57,133.3333333,5,5,246,193,32.17,7.65,60
IR Jaggi,76,100,76,0,6,0,0,0,0,0
TR Birt,75,59,127.1186441,2,9,0,0,0,0,0
Mohammed Shami,74,82,90.24390244,2,6,3486,2521,420.17,8.3,984
RR Sarwan,73,78,93.58974359,1,6,0,0,0,0,0
M Klinger,73,78,93.58974359,0,9,0,0,0,0,0
PWH de Silva,72,80,90,1,7,758,557,92.83,8.17,202
J Suchith,70,62,112.9032258,3,6,604,434,72.33,8.35,140
MJ Santner,70,77,90.90909091,3,4,428,370,61.67,6.94,134
AA Bilakhia,69,88,78.40909091,0,5,0,0,0,0,0
Vivrant Sharma,69,49,140.8163265,2,9,37,21,3.5,10.57,5
JJ Bumrah,68,80,85,1,5,3840,3185,530.83,7.23,1228
LH Ferguson,68,48,141.6666667,2,6,1451,1002,167,8.69,351
RR Powar,67,64,104.6875,1,6,538,443,73.83,7.29,166
R Sharma,66,77,85.71428571,3,5,1100,935,155.83,7.06,334
HR Shokeen,66,67,98.50746269,0,9,320,213,35.5,9.01,78
M Jansen,66,71,92.95774648,2,5,732,487,81.17,9.02,176
WD Parnell,65,86,75.58139535,1,4,968,758,126.33,7.66,296
KA Jamieson,65,55,118.1818182,3,5,271,179,29.83,9.08,69
GD Phillips,65,55,118.1818182,6,3,40,31,5.17,7.74,10
Mohammad Hafeez,64,84,76.19047619,2,7,71,63,10.5,6.76,22
Anirudh Singh,63,69,91.30434783,1,6,0,0,0,0,0
A Flintoff,62,57,108.7719298,2,5,106,66,11,9.64,20
SP Jackson,61,57,107.0175439,1,5,0,0,0,0,0
S Aravind,59,59,100,0,7,1057,788,131.33,8.05,290
MG Bracewell,58,49,118.3673469,1,6,95,66,11,8.64,26
I Sharma,57,71,80.28169014,2,4,3255,2429,404.83,8.04,969
Vishnu Vinod,56,58,96.55172414,3,3,0,0,0,0,0
WA Mota,56,76,73.68421053,0,2,98,75,12.5,7.84,24
M Rawat,55,70,78.57142857,1,4,0,0,0,0,0
Sandeep Sharma,54,73,73.97260274,0,4,3758,2925,487.5,7.71,1122
DJ Willey,53,64,82.8125,0,7,277,221,36.83,7.52,79
A Chopra,53,75,70.66666667,0,7,0,0,0,0,0
Shoaib Malik,52,49,106.122449,0,5,87,58,9.67,9,15
RP Singh,52,78,66.66666667,1,2,2417,1874,312.33,7.74,744
Shivam Mavi,51,58,87.93103448,2,4,958,687,114.5,8.37,254
Sameer Rizvi,51,43,118.6046512,2,4,0,0,0,0,0
R Rampaul,51,52,98.07692308,2,3,319,278,46.33,6.88,130
Swapnil Singh,51,46,110.8695652,3,3,241,165,27.5,8.76,39
OF Smith,51,50,102,5,1,179,95,15.83,11.31,35
KB Arun Karthik,51,53,96.22641509,1,4,0,0,0,0,0
RV Gomez,50,53,94.33962264,1,5,130,97,16.17,8.04,37
VR Aaron,50,73,68.49315068,2,2,1527,1065,177.5,8.6,387
A Nortje,49,51,96.07843137,0,6,1614,1097,182.83,8.83,401
SB Bangar,49,58,84.48275862,3,1,221,153,25.5,8.67,55
AS Yadav,49,40,122.5,2,5,0,0,0,0,0
AG Paunikar,49,61,80.32786885,0,9,0,0,0,0,0
M Markande,48,44,109.0909091,1,5,1081,737,122.83,8.8,210
T Kohler-Cadmore,48,54,88.88888889,1,7,0,0,0,0,0
Yashpal Singh,47,67,70.14925373,0,5,0,0,0,0,0
DR Sams,44,48,91.66666667,3,1,528,389,64.83,8.14,142
D Pretorius,44,28,157.1428571,3,3,242,166,27.67,8.75,42
PVD Chameera,43,32,134.375,3,3,442,297,49.5,8.93,122
Sunny Singh,43,31,138.7096774,1,6,0,0,0,0,0
SK Trivedi,42,61,68.85245902,1,3,1944,1557,259.5,7.49,492
AB Barath,42,43,97.6744186,1,5,0,0,0,0,0
Azmatullah Omarzai,42,34,123.5294118,2,2,194,131,21.83,8.89,52
A Nehra,41,63,65.07936508,1,3,2537,1974,329,7.71,798
Avesh Khan,41,25,164,3,3,2010,1390,231.67,8.68,491
J Yadav,40,38,105.2631579,1,2,447,398,66.33,6.74,153
LPC Silva,40,27,148.1481481,1,5,21,6,1,21,0
Rasikh Salam,40,40,100,0,5,341,207,34.5,9.88,56
BR Dunk,40,36,111.1111111,0,7,0,0,0,0,0
AUK Pathan,39,26,150,2,5,63,41,6.83,9.22,9
MM Patel,39,41,95.12195122,0,5,1733,1382,230.33,7.52,590
S Nadeem,39,88,44.31818182,0,2,1800,1444,240.67,7.48,453
Umar Gul,39,19,205.2631579,5,1,198,153,25.5,7.76,51
DJ Thornely,39,54,72.22222222,2,2,40,44,7.33,5.45,19
S Narwal,37,29,127.5862069,0,6,203,113,18.83,10.78,37
YS Chahal,37,89,41.57303371,0,0,4681,3628,604.67,7.74,1194
Sohail Tanvir,36,31,116.1290323,1,3,275,265,44.17,6.23,121
Joginder Sharma,36,30,120,2,1,421,272,45.33,9.29,71
AN Ahmed,36,27,133.3333333,1,4,515,362,60.33,8.54,120
L Balaji,36,50,72,1,2,2083,1574,262.33,7.94,537
KW Richardson,36,39,92.30769231,1,2,479,345,57.5,8.33,129
Anureet Singh,36,47,76.59574468,1,2,636,430,71.67,8.87,139
M Ashwin,35,50,70,1,2,1182,898,149.67,7.9,283
A Kumble,35,49,71.42857143,0,3,1089,983,163.83,6.65,374
B Sumanth,35,38,92.10526316,0,3,0,0,0,0,0
A Mithun,34,26,130.7692308,1,4,477,312,52,9.17,90
S Sreesanth,34,57,59.64912281,0,6,1221,947,157.83,7.74,399
AP Dole,34,23,147.826087,1,3,114,73,12.17,9.37,20
L Ronchi,34,37,91.89189189,1,6,0,0,0,0,0
Navdeep Saini,33,38,86.84210526,0,3,968,682,113.67,8.52,272
D Salunkhe,33,24,137.5,0,5,80,51,8.5,9.41,13
SB Dubey,33,21,157.1428571,2,3,0,0,0,0,0
Imran Tahir,33,37,89.18918919,0,5,1729,1340,223.33,7.74,437
AT Carey,32,29,110.3448276,1,0,0,0,0,0,0
Basil Thampi,32,37,86.48648649,1,1,862,539,89.83,9.6,152
RJ Peterson,32,32,100,1,3,70,48,8,8.75,21
Ravi Bishnoi,32,52,61.53846154,0,2,1861,1460,243.33,7.65,492
T Taibu,31,26,119.2307692,0,3,0,0,0,0,0
S Sriram,31,38,81.57894737,0,3,49,18,3,16.33,2
NS Naik,31,53,58.49056604,0,2,0,0,0,0,0
VH Zol,29,26,111.5384615,1,3,0,0,0,0,0
J Syed Mohammad,29,27,107.4074074,0,4,286,196,32.67,8.76,47
Arshdeep Singh,29,42,69.04761905,0,4,2097,1453,242.17,8.66,472
SB Jakati,28,30,93.33333333,0,3,1474,1101,183.5,8.03,337
AS Joseph,27,32,84.375,0,3,707,454,75.67,9.34,162
AS Rajpoot,26,41,63.41463415,1,2,844,567,94.5,8.93,192
TL Seifert,26,26,100,0,4,0,0,0,0,0
PJ Sangwan,26,47,55.31914894,0,1,1267,905,150.83,8.4,319
DJ Malan,26,26,100,1,1,0,0,0,0,0
MD Shanaka,26,26,100,1,2,0,0,0,0,0
JM Kemp,26,25,104,1,1,58,47,7.83,7.4,15
AS Roy,26,24,108.3333333,0,3,191,142,23.67,8.07,48
AB Dinda,26,50,52,0,2,2103,1589,264.83,7.94,627
NL McCullum,26,23,113.0434783,1,0,35,30,5,7,10
S Chanderpaul,25,33,75.75757576,0,4,0,0,0,0,0
A Choudhary,25,20,125,1,1,144,108,18,8,42
Sanvir Singh,25,22,113.6363636,1,2,0,0,0,0,0
Mohsin Khan,25,27,92.59259259,1,2,698,507,84.5,8.26,209
CV Varun,25,49,51.02040816,0,2,2042,1624,270.67,7.54,582
AJ Turner,24,31,77.41935484,2,0,0,0,0,0,0
KC Cariappa,24,21,114.2857143,2,0,349,224,37.33,9.35,61
ER Dwivedi,24,15,160,2,2,0,0,0,0,0
MA Khote,24,22,109.0909091,1,2,52,30,5,10.4,5
Tanush Kotian,24,32,75,0,3,0,0,0,0,0
Umran Malik,23,16,143.75,2,1,785,519,86.5,9.08,205
BMAJ Mendis,23,27,85.18518519,0,0,36,30,5,7.2,11
P Dubey,23,33,69.6969697,0,2,91,67,11.17,8.15,20
J Arunkumar,23,24,95.83333333,0,5,0,0,0,0,0
AF Milne,23,31,74.19354839,1,0,339,217,36.17,9.37,69
SW Tait,23,26,88.46153846,1,1,668,534,89,7.51,200
SA Abbott,22,18,122.2222222,2,1,104,59,9.83,10.58,13
HE van der Dussen,22,25,88,0,2,0,0,0,0,0
KL Nagarkoti,22,34,64.70588235,0,1,287,185,30.83,9.31,50
AU Rashid,22,17,129.4117647,1,2,91,60,10,9.1,20
Yudhvir Singh,22,16,137.5,2,1,125,74,12.33,10.14,28
GB Hogg,22,22,100,0,1,585,466,77.67,7.53,159
B Indrajith,21,31,67.74193548,0,2,0,0,0,0,0
DE Bollinger,21,23,91.30434783,1,1,716,600,100,7.16,254
TU Deshpande,21,15,140,1,2,1275,831,138.5,9.21,284
NJ Maddinson,20,21,95.23809524,0,4,0,0,0,0,0
S Kaul,20,36,55.55555556,0,1,1772,1238,206.33,8.59,387
RR Raje,20,18,111.1111111,1,1,214,144,24,8.92,39
AC Thomas,20,19,105.2631579,1,1,416,327,54.5,7.63,126
M Muralitharan,20,30,66.66666667,0,1,1765,1581,263.5,6.7,600
C Sakariya,20,31,64.51612903,0,3,610,460,76.67,7.96,143
A Mukund,19,23,82.60869565,0,1,0,0,0,0,0
DR Martyn,19,26,73.07692308,0,1,0,0,0,0,0
R Bishnoi,19,17,111.7647059,2,1,0,0,0,0,0
P Ray Barman,19,25,76,0,2,56,24,4,14,2
NT Ellis,19,26,73.07692308,1,0,514,365,60.83,8.45,112
R Shukla,19,23,82.60869565,0,2,217,130,21.67,10.02,38
JR Hazlewood,19,29,65.51724138,0,1,830,622,103.67,8.01,259
P Sahu,19,13,146.1538462,1,1,152,107,17.83,8.52,24
Gulbadin Naib,19,15,126.6666667,1,1,12,6,1,12,1
Akash Deep,19,12,158.3333333,1,2,324,175,29.17,11.11,55
Y Gnaneswara Rao,19,18,105.5555556,0,3,7,6,1,7,3
Naveen-ul-Haq,18,26,69.23076923,0,2,602,407,67.83,8.87,133
Harmeet Singh,18,12,150,0,3,747,574,95.67,7.81,201
DS Lehmann,18,19,94.73684211,0,3,0,0,0,0,0
JJ van der Wath,18,17,105.8823529,1,1,134,76,12.67,10.58,29
PV Tambe,18,39,46.15384615,0,1,866,674,112.33,7.71,204
BJ Haddin,18,11,163.6363636,1,2,0,0,0,0,0
T Banton,18,22,81.81818182,1,1,0,0,0,0,0
Saurav Chauhan,18,16,112.5,1,1,0,0,0,0,0
Sumit Kumar,18,26,69.23076923,1,2,38,22,3.67,10.36,4
KMA Paul,18,26,69.23076923,1,1,239,180,30,7.97,52
JA Richardson,17,27,62.96296296,0,2,162,94,15.67,10.34,30
Parvez Rasool,17,20,85,0,1,273,200,33.33,8.19,60
YV Dhull,16,23,69.56521739,0,1,0,0,0,0,0
PP Ojha,16,45,35.55555556,0,0,2399,1945,324.17,7.4,667
KS Sharma,16,25,64,0,1,0,0,0,0,0
CK Kapugedera,16,24,66.66666667,0,0,49,17,2.83,17.29,0
AJ Hosein,16,11,145.4545455,1,1,41,24,4,10.25,5
Virat Singh,15,26,57.69230769,0,1,0,0,0,0,0
GR Napier,15,16,93.75,0,1,28,24,4,7,8
SD Lad,15,13,115.3846154,1,1,0,0,0,0,0
VY Mahesh,15,28,53.57142857,0,0,511,359,59.83,8.54,120
I Udana,15,11,136.3636364,1,1,286,182,30.33,9.43,45
JL Pattinson,15,13,115.3846154,0,2,321,222,37,8.68,77
C Madan,15,21,71.42857143,0,3,0,0,0,0,0
A Zampa,15,25,60,0,1,562,425,70.83,7.93,129
Vijaykumar Vyshak,14,13,107.6923077,1,0,396,243,40.5,9.78,63
F Behardien,14,13,107.6923077,0,2,0,0,0,0,0
G Coetzee,14,22,63.63636364,1,0,357,216,36,9.92,71
MDKJ Perera,14,13,107.6923077,0,3,0,0,0,0,0
FA Allen,14,19,73.68421053,0,1,136,91,15.17,8.97,26
Noor Ahmad,13,18,72.22222222,0,2,672,513,85.5,7.86,171
Kartik Tyagi,13,16,81.25,0,1,720,458,76.33,9.43,148
Arjun Tendulkar,13,9,144.4444444,1,0,117,83,13.83,8.46,30
R Sai Kishore,13,6,216.6666667,2,0,259,191,31.83,8.14,56
S Badree,13,25,52,0,0,329,263,43.83,7.51,109
Mustafizur Rahman,13,23,56.52173913,1,0,1792,1353,225.5,7.95,464
DT Patil,13,13,100,0,1,0,0,0,0,0
DR Shorey,13,20,65,1,0,0,0,0,0,0
KJ Abbott,13,8,162.5,1,0,182,102,17,10.71,28
AR Bawne,12,12,100,0,1,0,0,0,0,0
AA Chavan,12,11,109.0909091,0,2,339,255,42.5,7.98,100
T Thushara,12,19,63.15789474,0,0,164,144,24,6.83,57
Mujeeb Ur Rahman,12,15,80,0,2,598,452,75.33,7.94,147
DG Nalkande,12,12,100,1,0,150,89,14.83,10.11,22
Karanveer Singh,12,17,70.58823529,0,1,323,213,35.5,9.1,64
K Upadhyay,12,9,133.3333333,1,0,81,56,9.33,8.68,20
MA Wood,12,10,120,1,1,192,127,21.17,9.07,47
DAJ Bracewell,12,9,133.3333333,0,1,32,25,4.17,7.68,10
RA Bawa,11,14,78.57142857,0,1,0,0,0,0,0
T Henderson,11,16,68.75,1,0,41,36,6,6.83,14
T Kohli,11,20,55,1,0,0,0,0,0,0
M Ntini,11,19,57.89473684,0,2,257,213,35.5,7.24,99
DNT Zoysa,11,9,122.2222222,0,1,100,69,11.5,8.7,24
Mukesh Kumar,10,20,50,0,0,707,420,70,10.1,130
BB Sran,10,14,71.42857143,0,0,767,516,86,8.92,168
X Thalaivan Sargunam,10,17,58.82352941,0,0,0,0,0,0,0
J Theron,10,13,76.92307692,0,1,311,235,39.17,7.94,68
AG Murtaza,10,14,71.42857143,0,1,322,269,44.83,7.18,101
JE Root,10,15,66.66666667,0,1,15,12,2,7.5,1
RK Bhui,10,27,37.03703704,0,0,0,0,0,0,0
D du Preez,10,13,76.92307692,0,0,56,43,7.17,7.81,18
TD Paine,10,29,34.48275862,0,0,0,0,0,0,0
SMSM Senanayake,10,17,58.82352941,0,0,211,195,32.5,6.49,73
KAJ Roach,10,9,111.1111111,0,1,80,52,8.67,9.23,20
AA Kulkarni,9,8,112.5,0,2,0,0,0,0,0
SM Harwood,9,14,64.28571429,0,0,74,67,11.17,6.63,33
AA Noffke,9,12,75,0,1,41,25,4.17,9.84,6
M Prasidh Krishna,9,24,37.5,0,0,1741,1231,205.17,8.49,475
VG Arora,9,17,52.94117647,0,0,598,418,69.67,8.58,144
K Kartikeya,9,13,69.23076923,0,1,334,241,40.17,8.32,69
L Wood,9,3,300,1,0,94,38,6.33,14.84,8
JPR Scantlebury-Searles,8,6,133.3333333,1,0,89,45,7.5,11.87,7
CK Langeveldt,8,9,88.88888889,1,0,199,165,27.5,7.24,69
CJ McKay,8,15,53.33333333,0,0,60,42,7,8.57,14
TM Srivastava,8,11,72.72727273,0,0,0,0,0,0,0
D Ferreira,8,11,72.72727273,0,0,0,0,0,0,0
Jaskaran Singh,8,11,72.72727273,0,0,174,111,18.5,9.41,39
P Chopra,8,6,133.3333333,0,2,0,0,0,0,0
TS Mills,8,14,57.14285714,1,0,349,218,36.33,9.61,69
OC McCoy,8,5,160,1,0,255,180,30,8.5,49
VS Malik,7,7,100,0,1,268,212,35.33,7.58,84
AN Ghosh,7,8,87.5,0,1,0,0,0,0,0
Simarjeet Singh,7,8,87.5,0,0,265,193,32.17,8.24,82
V Viyaskanth,7,5,140,0,0,90,60,10,9,16
M Theekshana,7,7,100,1,0,814,631,105.17,7.74,190
Ankit Soni,7,9,77.77777778,1,0,145,112,18.67,7.77,37
UA Birla,7,15,46.66666667,0,1,0,0,0,0,0
I Malhotra,7,4,175,0,1,23,6,1,23,0
IS Sodhi,7,18,38.88888889,0,0,204,182,30.33,6.73,64
Pankaj Singh,7,12,58.33333333,0,0,472,311,51.83,9.11,111
PSP Handscomb,6,12,50,0,0,0,0,0,0,0
SS Shaikh,6,7,85.71428571,0,1,0,0,0,0,0
DM Bravo,6,5,120,0,1,0,0,0,0,0
BA Bhatt,6,7,85.71428571,1,0,408,303,50.5,8.08,93
JP Behrendorff,6,9,66.66666667,0,0,563,379,63.17,8.91,139
Mukesh Choudhary,6,6,100,0,1,452,298,49.67,9.1,120
SH Johnson,6,7,85.71428571,0,1,155,99,16.5,9.39,34
SB Joshi,6,16,37.5,0,0,82,55,9.17,8.95,18
Arshad Khan (2),5,4,125,0,1,25,13,2.17,11.54,4
KMDN Kulasekara,5,3,166.6666667,0,1,122,107,17.83,6.84,45
P Awana,5,14,35.71428571,0,0,1046,774,129,8.11,293
B Laughlin,5,13,38.46153846,0,0,284,179,29.83,9.52,42
B Stanlake,5,2,250,0,1,200,150,25,8,64
Shivam Sharma,5,3,166.6666667,0,1,165,114,19,8.68,37
SJ Srivastava,5,5,100,0,0,444,306,51,8.71,103
GD McGrath,4,5,80,0,1,366,329,54.83,6.67,153
FH Edwards,4,5,80,0,0,160,150,25,6.4,70
RS Sodhi,4,2,200,0,1,0,0,0,0,0
DP Nannes,4,13,30.76923077,0,0,815,689,114.83,7.1,285
A Tomar,4,8,50,0,1,0,0,0,0,0
CRD Fernando,4,3,133.3333333,0,0,306,249,41.5,7.37,99
A Dananjaya,4,5,80,0,0,47,25,4.17,11.28,6
A Chandila,4,7,57.14285714,0,0,245,234,39,6.28,103
A Uniyal,4,7,57.14285714,0,0,67,38,6.33,10.58,8
Akash Madhwal,4,5,80,0,0,431,279,46.5,9.27,83
Liton Das,4,4,100,0,1,0,0,0,0,0
VRV Singh,4,3,133.3333333,0,1,549,371,61.83,8.88,114
JE Taylor,3,4,75,0,0,167,122,20.33,8.21,48
S Tyagi,3,4,75,0,0,304,220,36.67,8.29,93
R Ninan,3,6,50,0,0,65,36,6,10.83,8
Kamran Khan,3,5,60,0,0,248,177,29.5,8.41,63
T Natarajan,3,5,60,0,0,2001,1401,233.5,8.57,418
D Kalyankrishna,3,8,37.5,0,0,88,50,8.33,10.56,10
Fazalhaq Farooqi,3,13,23.07692308,0,0,229,162,27,8.48,56
GC Viljoen,3,7,42.85714286,0,0,229,146,24.33,9.41,43
Mohammad Asif,3,6,50,0,0,307,199,33.17,9.26,64
Kumar Kushagra,3,7,42.85714286,0,0,0,0,0,0,0
Younis Khan,3,7,42.85714286,0,0,0,0,0,0,0
RJW Topley,3,6,50,0,0,182,107,17.83,10.21,38
BAW Mendis,3,6,50,0,0,306,248,41.33,7.4,76
A Kamboj,2,2,100,0,0,115,68,11.33,10.15,19
Shoaib Akhtar,2,8,25,0,0,54,46,7.67,7.04,23
T Shamsi,2,4,50,0,0,185,120,20,9.25,28
BR Sharath,2,5,40,0,0,0,0,0,0,0
VS Yeligati,2,2,100,0,0,61,32,5.33,11.44,6
GHS Garton,2,4,50,0,0,136,97,16.17,8.41,31
SB Wagh,2,3,66.66666667,0,0,147,108,18,8.17,45
RG More,2,2,100,0,0,63,37,6.17,10.22,4
RS Gavaskar,2,8,25,0,0,8,6,1,8,2
S Randiv,2,4,50,0,0,223,180,30,7.43,60
RJ Gleeson,2,2,100,0,0,72,51,8.5,8.47,19
A Singh,2,10,20,0,0,639,486,81,7.89,189
Shivam Singh,2,3,66.66666667,0,0,0,0,0,0,0
H Das,2,5,40,0,0,0,0,0,0,0
Mashrafe Mortaza,2,2,100,0,0,59,28,4.67,12.64,6
Mohammad Ashraful,2,12,16.66666667,0,0,0,0,0,0,0
Harshit Rana,2,3,66.66666667,0,0,590,403,67.17,8.78,148
KP Appanna,2,4,50,0,0,291,222,37,7.86,68
SZ Mulani,1,1,100,0,0,57,33,5.5,10.36,7
DP Vijaykumar,1,1,100,0,0,205,159,26.5,7.74,63
HF Gurney,1,5,20,0,0,239,169,28.17,8.49,50
P Parameswaran,1,3,33.33333333,0,0,226,159,26.5,8.53,64
MJ Suthar,1,2,50,0,0,26,12,2,13,4
Shoaib Ahmed,1,6,16.66666667,0,0,154,103,17.17,8.97,33
DJ Muthuswami,1,3,33.33333333,0,0,108,84,14,7.71,44
BE Hendricks,1,3,33.33333333,0,0,239,157,26.17,9.13,52
LB Williams,1,2,50,0,0,74,42,7,10.57,12
Abdul Basith,1,1,100,0,0,0,0,0,0,0
M de Lange,1,2,50,0,0,171,116,19.33,8.84,39
Mohit Rathee,1,2,50,0,0,29,12,2,14.5,3
KA Maharaj,1,2,50,0,0,39,36,6,6.5,11
PM Sarvesh Kumar,1,2,50,0,0,42,31,5.17,8.13,11
KK Ahmed,1,7,14.28571429,0,0,1918,1345,224.17,8.56,512
LE Plunkett,1,3,33.33333333,0,0,228,154,25.67,8.88,39
NJ Rimmington,1,1,100,0,0,20,18,3,6.67,9
SE Bond,1,2,50,0,0,225,191,31.83,7.07,75
S Joseph,0,0,0,0,0,51,30,5,10.2,9
S Ladda,0,10,0,0,0,225,141,23.5,9.57,48
R Sanjay Yadav,0,2,0,0,0,23,14,2.33,9.86,6
S Lamichhane,0,1,0,0,0,297,211,35.17,8.45,75
BW Hilfenhaus,0,0,0,0,0,497,390,65,7.65,173
B Geeves,0,0,0,0,0,91,49,8.17,11.14,15
U Kaul,0,1,0,0,0,0,0,0,0,0
CJ Dala,0,0,0,0,0,34,19,3.17,10.74,7
SC Kuggeleijn,0,0,0,0,0,71,50,8.33,8.52,17
M Pathirana,0,0,0,0,0,617,503,83.83,7.36,160
A Nel,0,0,0,0,0,31,18,3,10.33,7
P Prasanth,0,0,0,0,0,18,6,1,18,3
KT Maphaka,0,0,0,0,0,90,39,6.5,13.85,11
S Midhun,0,0,0,0,0,29,13,2.17,13.38,3
Akash Singh,0,0,0,0,0,227,141,23.5,9.66,53
K Khejroliya,0,0,0,0,0,221,129,21.5,10.28,32
O Thomas,0,0,0,0,0,85,63,10.5,8.1,17
C Ganapathy,0,0,0,0,0,13,6,1,13,1
H Sharma,0,0,0,0,0,62,30,5,12.4,2
RW Price,0,0,0,0,0,33,18,3,11,1
RP Meredith,0,3,0,0,0,621,415,69.17,8.98,147
Anand Rajan,0,0,0,0,0,206,162,27,7.63,57
Abdur Razzak,0,2,0,0,0,29,14,2.33,12.43,5
Yash Dayal,0,1,0,0,0,933,615,102.5,9.1,216
NB Singh,0,0,0,0,0,18,25,4.17,4.32,13
KM Asif,0,2,0,0,0,232,143,23.83,9.73,46
P Amarnath,0,0,0,0,0,241,132,22,10.95,29
MJ Henry,0,0,0,0,0,183,105,17.5,10.46,31
MG Neser,0,0,0,0,0,62,25,4.17,14.88,5
Mayank Dagar,0,1,0,0,0,205,138,23,8.91,43
Tejas Baroka,0,0,0,0,0,33,21,3.5,9.43,6
JL Denly,0,1,0,0,0,0,0,0,0,0
RR Bhatkal,0,2,0,0,0,35,12,2,17.5,0
RR Bose,0,0,0,0,0,24,12,2,12,5
GS Sandhu,0,0,0,0,0,86,48,8,10.75,9
SS Agarwal,0,0,0,0,0,42,24,4,10.5,7
AA Kazi,0,0,0,0,0,21,13,2.17,9.69,2
JW Hastings,0,0,0,0,0,66,61,10.17,6.49,31
ND Doshi,0,13,0,0,0,79,57,9.5,8.32,24
K Santokie,0,0,0,0,0,91,51,8.5,10.71,15
LI Meriwala,0,0,0,0,0,32,19,3.17,10.11,6
PH Solanki,0,0,0,0,0,39,36,6,6.5,11
V Kaverappa,0,0,0,0,0,36,24,4,9,11
Gurnoor Brar,0,0,0,0,0,42,21,3.5,12,7
D Jansen,0,0,0,0,0,53,28,4.67,11.36,6
IC Pandey,0,2,0,0,0,609,469,78.17,7.79,212
V Pratap Singh,0,1,0,0,0,300,211,35.17,8.53,71
N Burger,0,0,0,0,0,152,105,17.5,8.69,46
RS Hangargekar,0,0,0,0,0,60,43,7.17,8.37,14
K Yadav,0,4,0,0,0,85,54,9,9.44,13
M Siddharth,0,0,0,0,0,72,58,9.67,7.45,22
CJ Green,0,0,0,0,0,24,17,2.83,8.47,6
P Suyal,0,0,0,0,0,154,107,17.83,8.64,36
NA Saini,0,0,0,0,0,35,15,2.5,14,2
Jalaj S Saxena,0,0,0,0,0,27,18,3,9,5
R Goyal,0,0,0,0,0,34,24,4,8.5,6
SM Boland,0,0,0,0,0,56,43,7.17,7.81,14
Gagandeep Singh,0,0,0,0,0,142,84,14,10.14,25
L Ngidi,0,0,0,0,0,460,342,57,8.07,131
S Kaushik,0,1,0,0,0,304,210,35,8.69,68
L Ablish,0,2,0,0,0,76,45,7.5,10.13,10
SS Mundhe,0,0,0,0,0,6,7,1.17,5.14,4
S Sandeep Warrier,0,0,0,0,0,257,176,29.33,8.76,72
N Thushara,0,0,0,0,0,259,172,28.67,9.03,49
Monu Kumar,0,0,0,0,0,20,16,2.67,7.5,4
J Little,0,0,0,0,0,341,236,39.33,8.67,82
RA Shaikh,0,0,0,0,0,11,6,1,11,1
TP Sudhindra,0,0,0,0,0,137,74,12.33,11.11,18
MB Parmar,0,0,0,0,0,33,19,3.17,10.42,4
MP Yadav,0,0,0,0,0,88,76,12.67,6.95,39
KR Sen,0,3,0,0,0,396,255,42.5,9.32,83
YA Abdulla,0,1,0,0,0,311,222,37,8.41,88
Yash Thakur,0,0,0,0,0,702,432,72,9.75,128
Y Prithvi Raj,0,1,0,0,0,57,33,5.5,10.36,8
Suyash Sharma,0,0,0,0,0,381,264,44,8.66,85
C Nanda,0,1,0,0,0,58,50,8.33,6.96,13
SS Cottrell,0,2,0,0,0,177,131,21.83,8.11,58
AM Salvi,0,0,0,0,0,205,156,26,7.88,57
SSB Magala,0,0,0,0,0,52,37,6.17,8.43,5
SS Sarkar,0,0,0,0,0,34,25,4.17,8.16,4
Sunny Gupta,0,1,0,0,0,47,19,3.17,14.84,0
IC Porel,0,0,0,0,0,42,26,4.33,9.69,7
